time,mouse_movement,mouse_clicks
0,1471.238748,0
1,1766.137282,4
2,1823.113796,5
3,1310.195857,5.5
4,1294.788856,6.75
5,2723.406429,6.375
6,2450.238679,5.0625
7,1478.077597,4.4375
8,1262.269018,5.125
9,709.5289437,4.4375
10,707.7571601,5.125
11,1644.692797,2.5
12,1428.059432,3.1875
13,1174.45724,2.5
14,2342.187885,3.1875
15,2103.103968,1.5
16,1911.911027,0.75
17,1751.54277,2.3125
18,1472.203547,4.125
19,2523.984337,5
20,3379.49095,4.5
21,5019.410915,4.25
22,2808.738514,4.0625
23,1764.556458,6.9375
24,1524.166316,5.375
25,3607.566062,3.625
26,2404.077651,1.75
27,1368.328077,2.8125
28,1820.247066,2.25
29,2099.111801,4.0625
30,1419.244949,3
31,3977.756345,2.5
32,3516.800088,1.1875
33,1741.527048,0.5625
34,832.9245581,0.1875
35,402.0651821,4.0625
36,106.6289226,10
37,773.7871098,9
38,386.2998049,4.5
39,193.1499025,2.25
40,96.57495123,1
41,48.02453144,0.25
42,0,0
43,0,0
44,144.4320275,2
45,214.0074788,5
46,163.7316615,6.5
47,81.86583073,3.25
48,2041.019261,2.625
49,1644.32182,3.25
50,838.7299269,2.5
51,1263.090733,3.125
52,1562.868284,1.5625
53,932.2006651,0.75
54,1924.925692,0.3125
55,1752.588737,1.125
56,2708.230028,2.5
57,1711.911588,5.25
58,863.1195582,3.625
59,528.5752076,4.8125
60,239.5756619,4.375
61,225.1275024,3.125
62,101.4731132,4.4375
63,205.2736374,4.1875
64,1115.393255,6
65,1660.873135,4.9375
66,982.3420937,5.4375
67,696.1225529,3.625
68,954.2132875,4.75
69,1543.063917,4.25
70,2942.314642,3.0625
71,2672.688092,3.4375
72,2165.388752,5.6875
73,1782.852613,4.75
74,2150.911795,3.3125
75,2110.397605,1.625
76,2325.682785,3.75
77,2138.04072,3.75
78,1823.221416,3.8125
79,927.3153318,2.875
80,1006.094833,2.4375
81,1329.971386,2.125
82,1787.901674,4
83,2752.111798,2.9375
84,2446.351398,2.4375
85,1640.482976,3.1875
86,2056.417541,3.5625
87,3932.654356,1.6875
88,3781.160033,0.8125
89,2455.984919,2.375
90,2290.712735,2.125
91,1984.041062,2
92,1661.688449,3
93,2278.06447,2.5
94,2674.274763,2.1875
95,4323.73565,3.0625
96,2610.054611,4.5
97,2178.075295,4.1875
98,1251.011706,6.0625
99,1259.613067,8
100,742.3405541,6.9375
101,836.8502471,5.375
102,3755.501485,4.625
103,4439.476325,5.1875
104,3457.225189,5.4375
105,2770.206056,3.625
106,3138.807341,5.75
107,2841.986025,4.8125
108,3306.392935,3.3125
109,3870.465051,3.5625
110,4128.299932,4.75
111,3114.231014,3.25
112,2424.080187,2.5625
113,2022.056896,4.25
114,1605.376651,4.0625
115,3078.359105,3.9375
116,3600.254553,3.9375
117,3154.917944,1.9375
118,2196.396657,4.875
119,1409.999174,6.375
120,1334.684161,3.125
121,1775.108212,5.5
122,1360.797198,4.75
123,1684.84287,3.25
124,1150.354276,1.5
125,2863.749085,0.75
126,2217.481699,0.25
127,1554.442746,0.0625
128,3062.959737,0
129,1712.868979,0
130,785.2301193,0
131,2811.909642,0
132,1963.009138,0
133,922.0746228,0
134,463.0580365,0
135,310.5688361,0
136,243.6774528,0
137,885.1256815,0
138,1781.718873,1
139,2087.542539,1.5
140,1302.483113,2.75
141,1479.506554,3.375
142,4210.059939,2.6875
143,3982.667576,3.3125
144,3009.50666,3.625
145,2524.207587,3.75
146,2212.601913,3.8125
147,1034.919462,3.875
148,457.4753897,1.875
149,1051.657667,0.875
150,1412.147137,1.375
151,675.5566203,3.625
152,339.5961718,2.75
153,169.7980859,3.375
154,58.15195688,3.6875
155,44.61764069,2.8125
156,26.72303391,1.3125
157,13.26776695,1.625
158,14.4623106,2.75
159,1031.064471,2.3125
160,1480.354014,1.125
161,2208.833481,0.5625
162,2004.325479,2.25
163,2368.354751,4.0625
164,1222.425225,4
165,928.680249,5
166,1895.787239,5.5
167,1902.129803,2.6875
168,1425.292196,3.25
169,1538.002914,6.5625
170,1401.490588,5.1875
171,1390.034097,5.5
172,1476.035725,3.75
173,2219.800521,3.8125
174,3128.140888,4.75
175,2743.251135,4.3125
176,3233.619065,4.0625
177,2671.674091,6
178,1978.514408,7.9375
179,1041.521164,4.875
180,1005.107295,5.375
181,1474.400346,5.625
182,1441.776644,5.6875
183,2748.952162,2.6875
184,1955.532974,3.3125
185,3640.478729,4.5625
186,2886.439969,4.1875
187,4549.46006,4
188,3894.31042,5
189,4588.115237,3.4375
190,3714.638242,5.625
191,4397.961907,2.75
192,3186.384497,2.3125
193,2524.325466,1.0625
194,1510.453736,4.5
195,1366.571317,4.125
196,2328.346321,4.0625
197,3118.114999,2
198,2144.512049,3
199,1991.632353,3.375
200,2497.663006,2.625
201,3261.898008,3.25
202,5477.78829,1.625
203,4677.158227,3.75
204,3754.560954,2.8125
205,1925.604335,5.375
206,961.9887127,7.625
207,928.4680045,7.8125
208,1621.757646,3.8125
209,1407.492457,5.875
210,3033.364773,2.8125
211,1715.289437,1.25
212,1347.431474,0.5
213,1591.826921,1.25
214,1187.780665,1.5
215,2190.455137,1.75
216,1492.783385,1.875
217,3050.139305,1.9375
218,2580.061085,0.9375
219,4001.975,0.4375
220,1987.645332,0.1875
221,981.2031483,4.0625
222,429.1137702,3
223,181.6546182,5.5
224,587.1349152,9.75
225,292.3540693,6.875
226,146.1770346,3.3125
227,72.74476732,1.625
228,36.34113366,0.6875
229,281.0873374,3.125
230,148.5436687,2.5
231,128.7571157,2.25
232,539.4063208,2.125
233,524.4595676,1.0625
234,253.4458045,0.4375
235,393.070882,1.1875
236,258.9038438,2.5625
237,404.6364982,1.25
238,280.8708779,0.625
239,917.3453497,1.3125
240,1669.698558,3.625
241,952.7465532,4.75
242,470.3098643,4.375
243,281.5224448,2.1875
244,290.3944759,6.0625
245,138.5065431,4.9375
246,152.1632666,6.375
247,90.98788328,8.125
248,309.6523829,4.0625
249,853.5149386,2.875
250,1070.679152,2.375
251,1345.838905,2.0625
252,1758.569868,0.875
253,946.291171,5.4375
254,1627.066025,4.6875
255,1400.877271,4.3125
256,1614.697468,3.125
257,3413.225996,3.5625
258,4352.416798,2.625
259,3149.117993,2.25
260,2558.368331,3.0625
261,1815.53634,3.5
262,1472.359313,3.6875
263,1249.807725,4.8125
264,1954.053216,3.375
265,5483.06437,1.625
266,4216.455786,2.75
267,3323.759807,2.3125
268,1917.740137,4.0625
269,1317.800524,8
270,2087.750099,5
271,2239.625451,5.4375
272,3388.773839,3.6875
273,2503.232802,3.75
274,2129.867557,5.6875
275,1669.584417,5.8125
276,1272.864611,5.8125
277,745.2900911,2.875
278,838.3314927,5.375
279,2052.161011,7.5625
280,1254.712163,4.6875
281,1764.349486,5.25
282,1682.368015,6.625
283,1321.930448,6.1875
284,1007.793658,5.9375
285,2123.993486,5.9375
286,3206.598496,3.875
287,3161.967378,4.8125
288,2163.770213,3.3125
289,1197.523412,3.5625
290,675.3747911,6.6875
291,1338.678647,5.3125
292,1504.145131,4.5625
293,1668.227658,4.25
294,1411.527514,6.0625
295,997.971453,4.875
296,1194.006573,4.375
297,2083.685243,3.125
298,2205.263621,4.5
299,3031.371369,3.125
300,1779.380379,4.5
301,3247.247984,5.1875
302,1789.164138,4.5625
303,976.1976193,4.1875
304,1932.381891,5.0625
305,1180.924838,5.4375
306,805.8678919,4.625
307,401.2819918,6.25
308,196.9258272,6.0625
309,2020.041798,3.9375
310,1469.597609,2.875
311,750.1570647,6.375
312,378.9222824,9.0625
313,1041.576744,5.4375
314,834.7968104,5.6875
315,449.0546701,6.8125
316,621.7744886,4.25
317,635.6739325,1.9375
318,424.8264754,4.9375
319,201.6779994,5.375
320,1053.225625,5.5625
321,1538.489693,2.75
322,935.9908513,6.375
323,814.7011582,6.0625
324,714.3402894,3.9375
325,1182.277407,6.875
326,2414.129513,4.4375
327,2092.158902,5.0625
328,1997.261685,5.4375
329,991.0364376,6.6875
330,647.6155183,5.1875
331,2136.043551,5.5625
332,1218.917752,5.6875
333,821.9603161,4.75
334,634.9298514,6.25
335,852.7260129,5.0625
336,590.8132783,5.4375
337,1662.099852,4.625
338,1460.787895,3.25
339,2534.469591,3.5
340,3166.653617,4.6875
341,4263.630105,3.25
342,2974.165048,3.5625
343,2966.290316,1.75
344,1477.276954,1.8125
345,1344.123939,2.8125
346,1367.901792,2.375
347,2018.627832,2.125
348,1205.619388,3.0625
349,1017.17996,2.5
350,1196.571971,4.1875
351,1525.684683,5.0625
352,3480.584021,3.5
353,2736.215307,3.6875
354,3613.37353,2.8125
355,3434.615581,4.3125
356,2813.43877,5.0625
357,2325.770514,4.5
358,1810.590191,4.1875
359,2500.14179,4.0625
360,2463.815746,3.9375
361,1776.077738,3.875
362,1346.014964,4.875
363,1199.372898,5.375
364,1039.094045,3.625
365,1376.417666,2.75
366,2020.536085,5.3125
367,2548.84413,3.5625
368,2081.302839,1.6875
369,1574.030793,0.8125
370,2766.742566,1.375
371,2430.272967,3.5625
372,3516.125491,3.75
373,2550.919979,2.875
374,3297.231561,2.4375
375,2866.806058,2.1875
376,1774.17347,3
377,1500.633463,1.4375
378,1679.288999,2.6875
379,3220.981827,2.3125
380,4196.143733,4.125
381,3370.479641,5
382,2692.441659,4.5
383,1902.423285,4.1875
384,3749.283616,2.0625
385,3013.948564,2.9375
386,3848.253872,2.375
387,2904.966425,3.125
388,2560.77233,3.5
389,3806.408276,4.75
390,2679.500702,5.3125
391,2195.849914,5.625
392,2382.072869,4.75
393,2173.687004,2.3125
394,1901.351307,3.0625
395,1624.645733,5.4375
396,1291.126908,5.625
397,2814.412902,3.75
398,2351.788611,4.875
399,2380.144507,4.375
400,3268.601129,4.0625
401,3095.81478,2.9375
402,1622.282006,5.4375
403,1129.427726,7.625
404,1599.300452,4.75
405,1600.393472,4.3125
406,1503.62813,3.125
407,2566.838214,4.4375
408,3759.844113,2.0625
409,2435.813593,1
410,2682.229665,1.4375
411,2764.581735,0.6875
412,2580.976816,2.25
413,1720.669841,1.125
414,1518.889565,1.5625
415,853.2233947,0.75
416,422.2958207,0.375
417,177.9121126,0.125
418,73.08385822,0.0625
419,131.5790186,0
420,186.7600184,0
421,1122.128683,1
422,1111.700757,1.5
423,889.8984642,0.75
424,981.4623904,0.375
425,958.5371823,0.1875
426,465.0802542,1.0625
427,215.3268797,0.5
428,124.6386508,4.25
429,1834.974075,4.125
430,1180.75035,5.0625
431,589.8126748,6.5
432,307.9063374,5.25
433,793.5837816,2.5
434,414.4963623,1.1875
435,939.8398744,1.5
436,2301.917933,0.625
437,1748.857277,1.25
438,1308.032534,2.625
439,684.7154104,4.3125
440,319.1927259,2.125
441,221.5946869,2.0625
442,131.5856073,1
443,87.03141957,1.4375
444,42.48445979,0.625
445,53.65644346,1.3125
446,311.2563326,0.625
447,172.2226784,2.3125
448,110.2472857,5.125
449,983.2826427,4.5625
450,789.4024262,3.25
451,1218.9316,2.625
452,1269.17368,3.25
453,1097.04732,3.5
454,726.2750983,4.6875
455,623.4655293,4.3125
456,857.6741904,5.125
457,2895.718944,3.5
458,3242.578415,4.6875
459,2581.867969,3.25
460,3330.367993,3.5625
461,2171.261745,3.6875
462,1903.040409,3.8125
463,1964.724564,4.8125
464,1816.993836,4.375
465,901.8149695,5.125
466,565.6050487,8.5
467,729.1208203,6.1875
468,821.7885478,5
469,523.7833456,2.4375
470,387.6854538,1.125
471,1401.058451,0.375
472,2135.772699,1.125
473,1266.02796,2.5
474,1711.699555,4.25
475,1581.436793,5.125
476,1442.858126,5.5625
477,1150.397125,5.75
478,1532.754653,4.8125
479,2548.507876,6.3125
480,1951.518208,4.0625
481,2548.303204,2.9375
482,2578.895147,3.375
483,1743.852571,4.625
484,2224.378805,4.1875
485,1900.141625,2.0625
486,2138.735801,4
487,1869.090318,4.9375
488,1437.890892,4.375
489,899.3277249,5.125
490,2726.641548,3.5625
491,2636.399673,2.6875
492,3948.407163,4.25
493,3607.925111,3.0625
494,2490.841325,2.4375
495,3050.720547,4.1875
496,2568.188253,3.0625
497,4596.912391,2.4375
498,3486.690459,4.1875
499,2892.866014,4.0625
500,2185.774145,2.9375
501,3120.753442,2.4375
502,3033.172921,3.1875
503,2467.059606,2.5
504,2041.590348,2.1875
505,1484.999161,4.0625
506,1422.564036,5
507,1658.392137,2.4375
508,2183.522207,3.1875
509,5178.123486,2.5625
510,4672.060096,3.1875
511,3116.50957,3.5
512,2879.71937,2.75
513,3477.785517,4.3125
514,3145.418362,5.125
515,4060.656017,5.5
516,2670.345536,3.6875
517,4005.545489,1.8125
518,3543.400509,2.8125
519,2398.776534,4.3125
520,2734.514246,6.0625
521,2632.052306,5
522,1738.608956,6.5
523,1178.716879,5.1875
524,1988.36498,4.5
525,2502.819393,4.125
526,3545.90762,5
527,4691.201865,4.375
528,3205.921631,4.125
529,2137.856631,3
530,1517.756964,4.4375
531,1325.397282,5.125
532,2769.421366,3.5
533,2304.748163,6.6875
534,1482.790204,6.3125
535,1170.639292,7.0625
536,1137.042383,6.4375
537,2416.44816,3.1875
538,2044.455878,1.4375
539,1798.590673,4.625
540,2144.772679,5.1875
541,3381.241012,4.5
542,2414.584262,3.25
543,1715.333873,5.625
544,1770.910051,3.6875
545,1409.282487,3.75
546,1365.185673,3.8125
547,4082.389886,4.875
548,3699.047283,4.3125
549,3747.611481,3.125
550,2519.765564,2.5
551,2008.678236,1.1875
552,1375.670553,3.5
553,1381.95556,5.6875
554,2425.635563,4.8125
555,1553.835655,4.375
556,2975.696348,4.1875
557,3169.99547,4
558,1854.510609,1.875
559,1634.466524,4.875
560,1718.355749,4.375
561,1368.411825,5.125
562,1364.596389,3.5
563,1115.735252,4.75
564,1789.029775,6.25
565,1483.761771,7.0625
566,1095.709976,6.4375
567,632.727883,6.1875
568,540.7257505,6
569,304.2857821,2.875
570,351.8707476,3.3125
571,552.676123,1.5625
572,272.9695485,0.6875
573,129.0412526,0.25
574,62.23493455,0.125
575,24.27269028,0
576,0,0
577,141.5794108,0
578,384.4134945,0
579,1275.603189,1
580,2456.187516,0.5
581,2844.447495,0.25
582,2971.630781,1.125
583,3789.189469,0.5625
584,2664.155584,1.25
585,2160.048698,1.625
586,2002.585687,2.8125
587,952.7356126,4.375
588,404.0810932,6.1875
589,289.8977557,6.0625
590,117.2990195,5
591,28.24099751,2.4375
592,52.53471232,2.125
593,267.7526375,1.9375
594,262.9025433,2.875
595,131.4512716,2.375
596,65.72563582,1.1875
597,350.2052056,2.5625
598,341.7160627,4.25
599,1873.046987,2.0625
600,1954.046476,3
601,982.0232382,1.5
602,481.0571556,0.6875
603,235.0860817,4.25
604,68.22018644,3.125
605,1662.423471,1.5
606,1552.439826,3.75
607,2917.369947,2.875
608,3358.731879,3.3125
609,2442.833711,3.625
610,2373.398059,5.8125
611,1806.353211,4.8125
612,3230.521602,3.375
613,1965.831382,4.625
614,1461.701556,2.25
615,2199.832792,4
616,4271.731502,2.9375
617,4352.84252,3.4375
618,5081.835955,3.625
619,3392.230446,2.8125
620,2466.283654,2.3125
621,1814.14078,1.125
622,2115.593771,4.5
623,3141.140111,3.1875
624,2522.612669,2.5625
625,1896.528485,5.25
626,1453.524743,7.625
627,1432.19369,5.6875
628,902.4863953,4.8125
629,1794.353455,2.375
630,3285.108484,1.0625
631,3692.648086,0.375
632,2050.698223,0.125
633,1179.413059,0
634,561.7781456,0
635,205.6209308,0
636,38.23083964,0
637,535.3771549,0
638,262.6256964,0
639,130.8440982,0
640,1312.735087,0
641,2443.467109,0
642,3390.169065,0
643,3794.144426,0
644,2146.486427,0
645,2197.205649,0
646,1839.322466,0
647,851.3865137,0
648,595.7241001,0
649,298.0678559,0
650,572.2380355,0
651,548.030925,0
652,298.8438896,0
653,169.4728313,0
654,285.3093726,0
655,149.2938734,0
656,94.09850618,0
657,1417.559584,0
658,2277.230412,1
659,4607.961072,0.5
660,2646.026487,2.25
661,3813.878904,4.125
662,3257.508799,5.0625
663,2236.26447,3.5
664,3762.53054,1.75
665,3867.164374,0.8125
666,3655.913633,0.3125
667,2882.940088,3.0625
668,1678.188308,4.5
669,1171.176448,3.25
670,1240.875245,1.625
671,1468.934771,3.8125
672,1166.909368,3.8125
673,1305.101441,2.8125
674,799.4476988,1.375
675,767.0412829,0.6875
676,1494.963865,0.25
677,1354.665945,3.0625
678,1544.264855,3.5
679,1424.504084,3.75
680,1164.218307,1.875
681,735.8537327,3.9375
682,2998.928395,3.875
683,1680.358477,3.875
684,1228.073515,3.875
685,1005.863062,2.9375
686,1027.935098,4.375
687,992.8390077,4.125
688,1157.231466,5
689,1039.833322,4.4375
690,1015.89763,4.1875
691,1789.395724,4
692,1257.939499,3.9375
693,1771.987841,5.875
694,2544.433915,4.875
695,2457.537602,3.375
696,1827.824542,4.625
697,2459.654948,3.25
698,1867.126498,1.5
699,1367.083141,2.6875
700,2065.814008,3.3125
701,2033.71292,2.5625
702,2663.848376,2.25
703,3933.555538,3.125
704,2062.009922,5.5
705,1789.539785,3.6875
706,2120.268197,4.8125
707,3236.61553,5.375
708,1791.49104,5.625
709,1837.320014,5.6875
710,3886.19186,3.8125
711,2531.771213,2.8125
712,1691.548329,3.3125
713,1656.948521,3.5625
714,2019.786276,1.6875
715,1863.091678,2.8125
716,1530.222367,4.375
717,1125.682971,5.125
718,906.7049399,3.5
719,1564.752654,1.75
720,2813.28101,2.8125
721,1738.245867,2.3125
722,1090.404588,3.0625
723,1609.773647,6.5
724,1859.630679,5.25
725,1596.802847,7.5625
726,2306.691581,4.75
727,3343.119294,6.3125
728,3963.849581,4
729,3862.876295,2.9375
730,3326.842007,3.3125
731,3957.633757,4.625
732,3329.19518,4.1875
733,2415.01243,5.0625
734,2031.183773,3.5
735,1980.908275,4.6875
736,1309.995055,3.25
737,1171.94265,4.5625
738,848.2845144,5.1875
739,2719.818006,2.5625
740,1740.039802,3.1875
741,1382.590578,6.5625
742,1078.136566,6.1875
743,1076.773165,6
744,1429.741402,7
745,2782.826188,6.4375
746,2512.204428,5.0625
747,2447.466121,5.4375
748,1839.180321,3.625
749,1370.326448,2.6875
750,1624.556476,1.25
751,1711.084842,0.5625
752,962.4026764,0.1875
753,488.8489323,2.0625
754,263.811806,2
755,158.3462397,2
756,220.6443452,3
757,1909.699849,1.5
758,3028.382934,0.6875
759,3637.631973,0.3125
760,3023.679117,1.125
761,1882.50776,3.5
762,1992.245967,2.75
763,1654.95806,2.375
764,1005.938246,1.1875
765,1697.326651,0.5625
766,2765.394208,0.1875
767,2326.176738,0.0625
768,1142.474002,0
769,580.9996414,0
770,251.997759,0
771,65.73385034,0
772,154.1302038,0
773,771.2562612,0
774,1772.505591,0
775,2524.301165,0
776,1262.150582,0
777,626.3306528,0
778,291.4698995,0
779,516.8266325,0
780,573.718513,0
781,523.7161688,0
782,2682.479524,1
783,2999.356857,2.5
784,1874.01541,4.25
785,1517.354783,2.125
786,1936.697812,2.0625
787,1288.18945,4
788,599.1069928,3.9375
789,793.3321399,1.875
790,799.6441198,1.9375
791,1307.473804,3.9375
792,1085.663955,1.875
793,543.6185891,0.875
794,256.0005005,0.4375
795,114.8292565,0.1875
796,27.89287237,0
797,188.8179551,0
798,94.37772755,0
799,303.9613923,0
800,591.3691415,2
801,703.3680391,4
802,356.7854116,7
803,2346.922321,5.5
804,2527.633698,4.75
805,2335.989984,4.3125
806,1591.245908,3.0625
807,1586.032733,1.375
808,1431.820776,3.625
809,762.8270229,2.75
810,1550.56736,2.3125
811,3402.968821,4.125
812,3397.528279,4.0625
813,3351.668177,3.9375
814,3065.560195,1.9375
815,3034.614736,2.9375
816,3280.509573,3.375
817,3378.86516,3.625
818,1766.302522,6.75
819,1670.910071,7.375
820,1329.472414,4.625
821,2442.6015,5.25
822,2017.266871,5.5625
823,2182.479975,6.625
824,2805.574589,4.1875
825,1537.40225,7.0625
826,2244.529527,6.4375
827,1439.693743,5.125
828,2571.947324,4.4375
829,2782.084933,5.1875
830,1950.768198,6.4375
831,1606.885896,4.125
832,1717.377339,3
833,1313.765143,5.4375
834,945.5403136,3.625
835,1112.314922,5.6875
836,1459.480839,4.8125
837,956.2093284,6.375
838,1259.841698,4.0625
839,1375.237474,6
840,1807.541023,7.875
841,2448.710715,6.875
842,1464.539238,5.3125
843,2385.391279,6.625
844,2443.225602,5.1875
845,2966.20964,6.4375
846,3698.195067,5.125
847,2868.428529,5.5
848,1547.802641,3.625
849,1717.653933,2.75
850,2016.596193,3.25
851,1686.247033,5.5625
852,2973.249695,4.6875
853,3697.421568,6.3125
854,2353.063093,4.125
855,2852.919141,6
856,1858.859505,4.875
857,3278.324497,4.375
858,2550.26578,2.0625
859,2707.917771,2
860,1786.402419,2.875
861,1682.655786,3.375
862,934.8550174,5.625
863,1329.597053,5.8125
864,1046.827,6.875
865,1260.136406,5.375
866,1477.115134,3.625
867,1956.992257,4.6875
868,2752.84749,5.25
869,1671.997009,4.5
870,1096.771854,5.1875
871,825.8185424,6.5625
872,2228.517152,6.1875
873,1344.013952,3
874,2096.366878,3.4375
875,1317.732011,4.625
876,1310.814526,5.1875
877,1346.008726,5.5
878,1276.690341,3.75
879,1004.738205,2.8125
880,1098.155157,4.3125
881,2924.55154,4.0625
882,2974.921452,3.9375
883,3311.991243,2.9375
884,2697.50318,2.4375
885,1920.530789,4.125
886,1724.105862,4
887,2491.900164,2.9375
888,2801.177023,2.4375
889,2461.848411,3.1875
890,1833.113443,3.5
891,2520.192189,4.6875
892,1481.08063,4.3125
893,2615.695005,5.125
894,2351.530275,3.5
895,2601.753235,3.6875
896,1715.7767,5.75
897,1056.459996,5.8125
898,2872.541674,5.8125
899,1847.648164,3.875
900,1462.339321,1.875
901,1895.042774,1.8125
902,2164.571572,0.8125
903,1737.327991,4.3125
904,1631.937211,4.125
905,1139.955611,6.0625
906,1458.787175,6
907,846.8864296,8
908,528.9387242,8.875
909,384.5957057,6.375
910,531.6736613,5.0625
911,1264.908599,5.4375
912,3019.355436,4.5625
913,3921.49407,3.125
914,2453.467454,3.5
915,1695.041318,4.6875
916,2572.304883,4.25
917,2359.174274,4.0625
918,1795.646566,6
919,2416.203733,4.9375
920,1578.101572,5.375
921,2364.642772,4.625
922,1318.252733,6.25
923,852.8117685,5
924,447.5419836,4.4375
925,606.1877798,5.125
926,416.42518,5.5
927,203.8438716,6.625
928,265.2289791,5.25
929,346.4102466,7.5625
930,1728.085597,3.6875
931,2543.182803,2.75
932,1643.245253,4.25
933,1987.078878,6.0625
934,3497.93883,2.875
935,3825.591257,1.4375
936,3459.281223,0.6875
937,1934.397083,0.25
938,1867.898329,0
939,1354.903947,0
940,2828.333497,1
941,2199.892762,2.5
942,1968.261116,2.25
943,2574.096717,1.125
944,1720.57489,0.5625
945,1202.870393,1.25
946,2329.659469,1.5625
947,1675.069835,1.75
948,1247.05295,1.875
949,1613.589893,0.9375
950,810.7523183,0.4375
951,350.5530389,0.1875
952,158.4769495,0.0625
953,65.85973122,0
954,11.5517767,0
955,93.66421356,0
956,721.2766599,0
957,756.4074971,0
958,473.2435664,0
959,1826.978303,0
960,1298.816564,0
961,771.3805169,0
962,714.5372442,0
963,354.2976512,0
964,245.5236799,0
965,110.6340163,0
966,281.6982288,0
967,144.843007,0
968,942.3760869,0
969,1026.297178,0
970,2322.177808,1
971,2548.689084,1.5
972,2490.079283,2.75
973,2022.442262,3.375
974,3665.159836,3.6875
975,2807.462993,2.8125
976,2317.247435,4.375
977,2458.048755,5.125
978,1972.717688,4.5
979,1129.7097,6.1875
980,1035.871745,4.0625
981,786.220428,3.9375
982,1130.378723,2.875
983,542.1632146,2.375
984,1175.875078,3.0625
985,3238.301192,3.5
986,1798.875545,3.6875
987,1939.789832,5.8125
988,969.8636662,3.875
989,477.849735,2.875
990,2731.878867,2.375
991,2783.750576,3.125
992,3039.374501,3.4375
993,2800.106361,2.6875
994,2690.361248,4.3125
995,2448.778461,4.125
996,2169.701247,3
997,3083.02075,1.4375
998,4557.33239,1.6875
999,2606.04951,2.75
1000,2018.266739,2.3125
1001,1784.116623,3.125
1002,1707.811929,3.5625
1003,2490.027515,2.75
1004,1889.734266,2.3125
1005,1568.425426,3.125
1006,2447.417265,1.5
1007,2910.775611,3.6875
1008,1603.868394,4.8125
1009,1569.704099,5.375
1010,1141.627477,3.625
1011,1688.208967,2.8125
1012,1651.612314,2.3125
1013,1864.566086,2.0625
1014,1433.280691,2.9375
1015,1309.542148,4.4375
1016,1334.17118,5.1875
1017,1342.421307,5.5625
1018,854.7516186,4.75
1019,1868.011929,4.3125
1020,1958.411113,4.0625
1021,2392.672169,4.9375
1022,2298.047502,5.375
1023,3416.735479,3.625
1024,2247.4957,2.75
1025,1688.996112,2.3125
1026,1491.342066,2.0625
1027,1631.13709,1.9375
1028,1345.464092,4.9375
1029,2372.480468,2.4375
1030,1490.318772,4.1875
1031,1377.119581,5.0625
1032,1097.19633,5.5
1033,554.6461964,4.625
1034,223.6350019,4.3125
1035,291.5272833,3.0625
1036,181.1023635,5.4375
1037,288.644489,4.625
1038,406.7050737,5.25
1039,379.0510217,5.5625
1040,558.463489,4.75
1041,819.17321,3.25
1042,624.4935,4.5625
1043,577.2562517,4.1875
1044,355.0304704,5
1045,1573.881513,3.4375
1046,940.7870707,2.6875
1047,1587.687556,2.25
1048,1324.932175,5.0625
1049,1111.586371,5.4375
1050,1867.328944,3.6875
1051,1843.196519,1.8125
1052,1293.660346,3.875
1053,1078.234996,5.8125
1054,871.508804,5.8125
1055,534.7491695,4.875
1056,530.5539613,5.4375
1057,302.3805997,4.625
1058,145.1819197,6.1875
1059,82.59137065,8
1060,527.7219706,5.9375
1061,585.6605121,5.875
1062,704.1443133,5.875
1063,683.3962658,2.8125
1064,1632.279104,3.25
1065,3232.240258,4.5625
1066,2883.877149,5.1875
1067,2104.217876,4.5
1068,3100.465969,5.25
1069,3192.032701,3.5625
1070,1962.173527,1.6875
1071,1879.550205,0.75
1072,1995.516762,2.3125
1073,2003.238497,3.0625
1074,1198.751562,4.5
1075,2571.467311,3.25
1076,2247.165012,4.625
1077,2750.620248,4.25
1078,1978.506467,4.0625
1079,4254.295062,2.9375
1080,3174.276618,6.4375
1081,4630.440372,6.125
1082,2473.235342,8
1083,2670.048093,4.9375
1084,3706.484207,4.4375
1085,3418.068418,3.0625
1086,4510.732577,2.4375
1087,2729.888821,2.0625
1088,2376.408549,4
1089,1349.514783,5.9375
1090,972.0217984,5.9375
1091,551.0119643,8.9375
1092,286.4721611,8.4375
1093,234.6227771,7.125
1094,231.1352577,5.4375
1095,498.4967896,6.625
1096,781.3768616,3.125
1097,844.9108514,3.4375
1098,515.3959087,4.625
1099,475.0429709,5.25
1100,317.5295479,4.5
1101,264.1259845,5.25
1102,175.5000052,6.5625
1103,221.0378228,6.1875
1104,157.8510822,7
1105,167.1118055,7.4375
1106,1386.427116,3.625
1107,761.8970628,2.6875
1108,1222.958459,2.25
1109,1931.257305,2
1110,1468.202262,0.875
1111,1905.970872,2.4375
1112,1653.98115,2.1875
1113,1323.801306,1.0625
1114,1352.100264,1.5
1115,2116.979015,0.75
1116,1020.592516,0.3125
1117,488.3213085,0.125
1118,679.217056,0.0625
1119,474.6021027,0
1120,444.8670518,0
1121,222.4335259,0
1122,248.8441799,0
1123,392.2596638,1
1124,517.6323954,0.5
1125,250.9071789,0.25
1126,125.4535895,0.125
1127,89.25436507,0.0625
1128,35.81643006,0
1129,82.02081528,0
1130,530.778216,0
1131,550.9408304,0
1132,283.5070269,0
1133,146.7535134,0
1134,150.3681618,0
1135,59.8788369,0
1136,21.01592712,0
1137,10.22671356,0
1138,4.957106781,0
1139,0,0
1140,0,0
1141,0,0
1142,1,2
1143,2587.083662,3
1144,1432.91813,2.5
1145,2843.074159,1.25
1146,1630.610123,3.625
1147,815.2738113,1.75
1148,2862.11113,0.8125
1149,3916.55925,2.375
1150,3669.846739,4.1875
1151,2076.4299,2
1152,2704.821099,1
1153,3318.010043,1.5
1154,2217.916391,4.6875
1155,1523.661849,3.25
1156,3331.458405,3.625
1157,3892.701042,1.8125
1158,2165.947128,3.875
1159,1357.43704,5.8125
1160,748.1648151,8.875
1161,756.5263945,9.375
1162,752.194927,5.6875
1163,845.684281,4.75
1164,465.1286419,5.25
1165,229.9348792,3.4375
1166,105.4990936,4.5625
1167,162.5664643,2.25
1168,140.9526354,4.0625
1169,215.6589144,2.9375
1170,118.8294572,3.4375
1171,703.5302383,2.625
1172,2245.527219,2.3125
1173,1305.916989,4.0625
1174,1043.178085,3
1175,2547.857452,5.4375
1176,2083.594925,6.6875
1177,2168.165902,5.3125
1178,1700.966125,4.5625
1179,2826.165563,4.25
1180,2423.154037,5
1181,3047.60049,3.375
1182,3288.999062,2.625
1183,3898.200321,5.25
1184,4127.682815,3.5625
1185,2375.812048,5.6875
1186,1608.173879,3.8125
1187,1056.308848,7.875
1188,894.4952021,3.8125
1189,1219.42531,3.875
1190,1260.683524,2.8125
1191,1109.184783,3.375
1192,1176.080053,1.5
1193,1431.073143,1.75
1194,1040.973442,1.8125
1195,1214.386444,4.875
1196,2202.662991,4.375
1197,1312.540148,5.1875
1198,1355.845513,4.5625
1199,1294.793905,6.25
1200,1196.68686,5
1201,2197.605373,4.4375
1202,2461.127073,2.125
1203,4119.000998,4
1204,3148.293692,1.875
1205,1830.845674,0.875
1206,1093.277959,0.375
1207,549.4976778,0.1875
1208,2291.437199,0
1209,1179.503645,0
1210,1210.869714,0
1211,2217.543084,1
1212,3305.468615,1.5
1213,1903.042705,0.75
1214,1965.998801,0.375
1215,3242.467719,1.1875
1216,1970.894477,0.5625
1217,916.7558685,0.25
1218,448.4975338,0.125
1219,249.5505951,0.0625
1220,266.80221,0
1221,120.8928854,0
1222,234.110644,0
1223,500.0376844,0
1224,1819.037171,1
1225,1305.759968,0.5
1226,822.2801,2.25
1227,1079.522304,2.125
1228,961.9672901,1.0625
1229,2081.505002,0.5
1230,2493.50859,0.25
1231,1451.259531,0.0625
1232,711.5732263,0
1233,342.2186651,0
1234,119.559054,0
1235,515.2100874,0
1236,917.115712,0
1237,1213.152827,1
1238,772.8794976,0.5
1239,647.4575627,2.25
1240,833.3816201,2.125
1241,2060.767606,1.0625
1242,2621.538946,1.5
1243,1548.671102,3.75
1244,995.9492875,3.8125
1245,975.1483102,1.875
1246,1194.160665,3.9375
1247,1257.77907,2.9375
1248,1992.563625,3.375
1249,1347.613561,5.625
1250,719.0389536,6.8125
1251,665.7387025,6.3125
1252,360.3024724,6.125
1253,371.3528438,6
1254,426.3748988,4.875
1255,933.9936944,4.3125
1256,1129.853314,3.0625
1257,1279.32959,5.4375
1258,1323.719806,4.625
1259,1339.436348,4.25
1260,990.0078549,4.0625
1261,949.3377901,5
1262,1366.178382,5.375
1263,747.9134571,4.625
1264,1867.19855,3.25
1265,1567.797802,3.5625
1266,1367.936586,3.6875
1267,1478.073435,1.75
1268,2952.31466,3.8125
1269,3746.000684,4.875
1270,2610.181464,6.375
1271,1347.925102,8.125
1272,829.3748147,6.0625
1273,634.431257,4.9375
1274,852.0047606,4.375
1275,580.6199433,6.0625
1276,869.5619081,4.875
1277,2798.293458,3.375
1278,2298.430578,5.625
1279,1249.039251,3.75
1280,3101.28303,2.75
1281,2175.412199,5.3125
1282,1192.805021,5.625
1283,759.7609321,6.6875
1284,1355.345257,6.3125
1285,2171.118538,3.125
1286,1093.881845,3.4375
1287,760.7907738,5.625
1288,1485.302368,5.6875
1289,2769.304666,4.75
1290,2586.31984,3.375
1291,2270.889435,3.625
1292,3658.473026,4.6875
1293,4007.387933,4.25
1294,3003.693637,3.0625
1295,2249.884926,3.5
1296,1657.797353,5.6875
1297,2335.068725,3.75
1298,2288.536143,4.8125
1299,1503.636121,6.375
1300,1619.844549,5.125
1301,1470.560104,4.4375
1302,727.1558597,6.1875
1303,964.2902596,5
1304,1972.790112,5.375
1305,2114.818655,3.625
1306,1162.420795,5.75
1307,2345.135969,6.75
1308,3028.794384,3.3125
1309,1543.230101,4.5625
1310,1551.798225,3.25
1311,2852.973661,3.5
1312,2810.435266,1.625
1313,1972.341284,3.8125
1314,2023.634328,3.8125
1315,1865.228868,1.875
1316,2199.550854,2.875
1317,2114.068108,3.4375
1318,2056.297003,3.625
1319,1679.634595,4.75
1320,1293.264298,6.375
1321,1243.773236,5.125
1322,2525.049,3.5
1323,3025.688885,5.6875
1324,2688.693378,3.75
1325,2000.822716,2.75
1326,2223.285819,5.3125
1327,2360.834315,3.625
1328,1893.575748,4.6875
1329,1693.015112,5.3125
1330,989.0446198,5.625
1331,976.8983701,5.6875
1332,1206.419742,5.8125
1333,640.477869,6.8125
1334,702.3568706,4.3125
1335,2313.458461,4.0625
1336,1522.341681,3.9375
1337,1089.765157,4.875
1338,767.907856,4.3125
1339,2503.285579,3.125
1340,2222.763128,2.5
1341,1513.631947,4.1875
1342,929.7662271,5
1343,629.7531983,5.4375
1344,410.0713105,4.6875
1345,984.2776575,4.3125
1346,1388.936242,5.0625
1347,2333.559608,3.4375
1348,2346.006822,3.625
1349,2935.850538,3.75
1350,3831.396432,4.8125
1351,4247.028638,3.3125
1352,5017.346667,4.625
1353,2867.686691,5.25
1354,1740.272679,4.5625
1355,1301.78775,4.1875
1356,915.2078427,6.0625
1357,1012.311012,6.9375
1358,1344.085329,7.375
1359,1077.552173,6.625
1360,923.8114995,6.25
1361,3914.753408,3
1362,4550.398474,3.375
1363,2933.169339,3.5625
1364,2028.488845,3.6875
1365,3019.469915,2.75
1366,2047.993465,3.375
1367,1563.58593,2.625
1368,1429.56056,3.25
1369,1408.798277,4.5625
1370,1086.349763,6.25
1371,1745.007914,7.0625
1372,2212.011491,7.5
1373,1260.737267,6.6875
1374,985.8346069,7.25
1375,875.7799096,4.5
1376,545.2993143,7.125
1377,748.5636396,5.4375
1378,1568.336431,4.625
1379,2201.000203,4.1875
1380,3527.907889,2.0625
1381,4240.754072,2.875
1382,2820.875037,4.375
1383,2350.552581,5.125
1384,3179.643807,5.5
1385,3230.285684,4.75
1386,2572.354335,5.3125
1387,1418.165151,4.5625
1388,1421.263739,3.1875
1389,1504.277088,3.5
1390,1520.621046,4.6875
1391,2080.210939,4.25
1392,1901.036281,3.0625
1393,3561.938132,3.5
1394,3165.118213,4.6875
1395,2339.824328,2.25
1396,1498.665781,1.0625
1397,1538.356805,1.5
1398,1823.458895,3.6875
1399,2467.301061,3.75
1400,2253.733263,2.875
1401,1290.863945,4.4375
1402,724.4147921,2.1875
1403,489.4894337,1
1404,317.6603371,0.4375
1405,305.0289809,0.1875
1406,317.3115302,0
1407,155.3906001,0
1408,2417.213527,0
1409,3677.934186,0
1410,1969.419942,0
1411,1996.295571,1
1412,1352.864704,0.5
1413,1898.084762,1.25
1414,1138.282787,1.625
1415,1403.109588,2.8125
1416,2592.950085,2.375
1417,2325.037553,3.1875
1418,1150.466698,4.5625
1419,566.9043831,2.25
1420,414.7835836,1.0625
1421,1435.153944,2.5
1422,984.4235395,4.1875
1423,853.4204179,2
1424,569.4459459,1
1425,871.5176978,1.5
1426,1693.88524,2.6875
1427,2385.856329,4.25
1428,2437.204022,4.125
1429,1297.798373,4.0625
1430,646.8222314,6
1431,420.292833,4.9375
1432,202.0056839,6.375
1433,80.76561146,8.125
1434,518.7858456,7
1435,545.4332165,4.375
1436,514.3130832,4.125
1437,311.3131727,5.9375
1438,224.7196906,6.8125
1439,816.6356042,4.3125
1440,2247.594946,5.125
1441,2448.3527,6.5
1442,1763.383215,5.125
1443,1756.792413,2.4375
1444,1388.01776,4.1875
1445,1357.549368,5
1446,2575.766717,4.375
1447,1971.263757,4.125
1448,1127.15808,3.0625
1449,957.8913809,2.4375
1450,1132.673712,3.125
1451,686.5682728,6.5
1452,543.240341,5.1875
1453,1053.644131,3.5625
1454,2603.980641,3.75
1455,2238.615489,2.8125
1456,2931.747719,2.25
1457,2444.670928,4.0625
1458,2011.237538,5
1459,1563.927391,4.4375
1460,1634.142577,3.1875
1461,1514.142719,3.5625
1462,1691.612563,3.6875
1463,1033.412726,3.75
1464,1089.558578,5.8125
1465,1096.730226,5.875
1466,833.0845177,5.875
1467,2422.688305,4.875
1468,1758.201954,5.375
1469,1134.074142,6.5625
1470,2531.327374,7.1875
1471,3393.033311,6.5
1472,2383.349675,5.1875
1473,1831.089349,3.5
1474,1396.036888,4.625
1475,2199.457534,5.1875
1476,2353.775056,4.5
1477,1646.0529,4.1875
1478,2015.750703,6.0625
1479,1063.492391,4.9375
1480,824.1567852,5.375
1481,1170.833433,5.625
1482,2730.602672,3.75
1483,1420.086292,2.75
1484,3008.084416,4.3125
1485,1728.655328,2.0625
1486,880.740912,4.9375
1487,431.8386141,4.4375
1488,943.4125972,6.1875
1489,1135.252421,6
1490,1000.559651,4
1491,712.3084874,6.875
1492,960.2089037,4.375
1493,875.1883597,6.0625
1494,649.6264065,4.9375
1495,886.258127,5.4375
1496,2203.497755,3.5625
1497,1202.684623,1.75
1498,966.0063623,2.75
1499,1141.895606,2.3125
1500,685.1082452,5.0625
1501,2179.072825,4.5
1502,1152.689968,6.25
1503,655.0974679,7.0625
1504,391.2141208,6.5
1505,479.8506972,6.125
1506,1206.956389,6
1507,1669.906111,5.875
1508,3083.315569,4.8125
1509,2424.865215,2.3125
1510,1680.619561,3.0625
1511,2720.643711,2.4375
1512,2612.06057,2.125
1513,2598.750601,3
1514,1539.425473,3.5
1515,838.4505617,5.6875
1516,411.0190972,3.8125
1517,999.6234786,1.875
1518,2787.245813,0.875
1519,2274.787218,5.375
1520,2531.2872,3.5625
1521,1810.234853,4.75
1522,942.4245603,4.375
1523,518.1978321,5.1875
1524,340.443209,6.4375
1525,1320.847195,6.1875
1526,2104.511982,6
1527,1386.962998,4.9375
1528,1661.305364,4.375
1529,2514.933359,3.0625
1530,4060.761363,3.4375
1531,2662.353623,2.625
1532,1879.50771,2.25
1533,3118.649583,3.0625
1534,3805.03082,3.5
1535,3395.409938,3.6875
1536,3231.537585,2.8125
1537,2729.075007,1.375
1538,2922.706548,1.625
1539,2100.622554,3.75
1540,1880.803163,6.8125
1541,1836.917737,7.375
1542,1954.804703,6.6875
1543,2330.019871,6.3125
1544,1916.832039,4.0625
1545,1677.023965,3.875
1546,1983.553341,3.8125
1547,1731.097648,4.8125
1548,3276.630168,2.3125
1549,2644.5225,1.125
1550,3366.717062,0.5
1551,2652.843348,1.1875
1552,2726.294112,0.5
1553,1713.137787,1.25
1554,826.3690097,1.625
1555,820.9573848,0.8125
1556,3817.779431,1.375
1557,1877.217431,0.6875
1558,925.2741029,0.3125
1559,506.0211938,0.125
1560,747.3643208,0.0625
1561,266.2214046,0
1562,204.0805394,0
1563,102.0402697,0
1564,49.66242729,0
1565,621.6813476,0
1566,310.8406738,0
1567,191.6042153,0
1568,736.6186142,0
1569,428.5519478,0
1570,201.1272237,0
1571,113.5636118,0
1572,59.58136175,0
1573,9.765165043,0
1574,3,0
1575,1.3125,0
1576,0.25,0
1577,0,0
1578,286.7072518,0
1579,144.3536259,0
1580,272.9332202,0
1581,268.3103769,0
1582,803.5486246,0
1583,505.1638655,0
1584,531.3136627,0
1585,580.5171637,0
1586,442.2803556,0
1587,204.2216329,0
1588,99.59990537,0
1589,274.2463237,0
1590,567.2377156,0
1591,278.7394237,0
1592,149.2447119,0
1593,93.00531949,0
1594,147.5450012,1
1595,619.3993334,1.5
1596,1095.442029,0.75
1597,2893.963599,2.375
1598,2045.647848,4.1875
1599,2079.998097,4.0625
1600,2359.583943,4
1601,2787.03416,3
1602,2121.740682,4.4375
1603,1088.28618,3.125
1604,788.3292946,1.5
1605,2092.657464,1.6875
1606,1070.240249,2.8125
1607,2687.894022,1.3125
1608,1457.506311,2.625
1609,1245.605255,1.3125
1610,1512.290466,1.625
1611,2196.681507,2.75
1612,1709.031543,4.375
1613,2400.830704,4.125
1614,2118.055735,3.0625
1615,1448.607766,2.5
1616,1309.59374,1.1875
1617,1140.909059,0.5
1618,1258.271329,2.1875
1619,1876.279668,5.0625
1620,1386.681052,4.5
1621,828.5625658,4.25
1622,2270.23556,5.125
1623,1245.808407,3.5
1624,813.6167625,4.625
1625,1218.963371,2.25
1626,767.7728548,4.0625
1627,923.2794621,2.9375
1628,884.7312118,5.4375
1629,462.5736326,6.625
1630,206.4561551,7.3125
1631,1068.91651,5.5625
1632,883.7709008,5.75
1633,466.8469852,6.75
1634,2114.986494,5.25
1635,1984.776689,2.5
1636,1380.644609,5.1875
1637,1056.677842,5.5
1638,1218.892574,6.625
1639,1120.631125,7.25
1640,1023.74177,5.625
1641,1031.241463,7.6875
1642,1116.948638,4.75
1643,791.677052,8.25
1644,1681.665774,6
1645,1048.887698,5.9375
1646,1692.463364,6.8125
1647,1718.96341,4.375
1648,1684.527348,5
1649,2285.720726,4.4375
1650,3444.133652,5.125
1651,1932.902541,6.4375
1652,2913.331425,6.1875
1653,1937.746096,6
1654,1595.683352,6.9375
1655,3640.274888,5.375
1656,3751.35545,2.5625
1657,2089.156118,6.1875
1658,1652.356172,8
1659,1766.1816,5.875
1660,1899.105372,4.875
1661,2048.163255,7.4375
1662,1852.821948,3.5625
1663,2818.884857,1.625
1664,1663.859176,0.75
1665,2699.885132,0.3125
1666,2166.00432,0
1667,1623.167217,0
1668,2061.944212,1
1669,2173.222868,0.5
1670,1027.156676,0.25
1671,486.9443739,0.125
1672,225.7743141,0.0625
1673,115.6741597,0
1674,21.86396103,0
1675,10.93198052,0
1676,472.35384,0
1677,1523.180156,0
1678,1126.345662,1
1679,801.1765943,0.5
1680,618.286782,0.25
1681,386.6242135,0.125
1682,153.0932556,0.0625
1683,69.10531275,0
1684,27.11503878,0
1685,367.6828142,0
1686,430.7916613,0
1687,216.3958306,0
1688,108.0729153,0
1689,88.03645766,0
1690,32.73921719,0
1691,16.97671356,0
1692,8.457106781,0
1693,53.66253179,0
1694,30.7687659,0
1695,15.38438295,0
1696,86.22166446,0
1697,73.93925936,0
1698,506.7665131,1
1699,597.9109897,0.5
1700,709.0665791,0.25
1701,512.9417982,0.125
1702,611.1966669,0.0625
1703,452.7684304,0
1704,215.6128407,0
1705,94.99044897,0
1706,81.88222643,0
1707,1113.83851,0
1708,987.8006381,0
1709,707.2481333,1
1710,1094.149278,3.5
1711,615.3992938,5.75
1712,1401.644693,3.875
1713,1419.145323,3.9375
1714,790.5623966,5.9375
1715,2212.409683,4.875
1716,2320.163057,3.3125
1717,2696.551832,3.625
1718,3624.677815,2.75
1719,2220.154428,3.25
1720,4234.455497,2.5625
1721,3328.567384,2.25
1722,2747.267722,3.0625
1723,2014.066336,2.5
1724,2314.622859,3.1875
1725,1315.726857,4.5625
1726,786.5909889,4.25
1727,1757.290294,5.0625
1728,1856.029758,6.5
1729,1330.131162,5.1875
1730,1284.976206,5.5
1731,1012.993235,6.6875
1732,954.1032932,6.25
1733,3131.213258,5
1734,2362.346495,4.4375
1735,1592.033101,5.125
1736,2242.317651,4.4375
1737,1551.136182,3.125
1738,1293.10163,3.5
1739,1089.095768,4.6875
1740,865.7118531,4.25
1741,595.8769102,4.0625
1742,803.4179126,2
1743,2214.374377,0.9375
1744,1294.028903,0.375
1745,636.5576828,0.125
1746,614.0057269,0
1747,1247.421199,0
1748,2144.538886,0
1749,2919.535785,0
1750,1460.767893,0
1751,2062.393259,0
1752,1001.301334,0
1753,767.384108,0
1754,325.7682397,0
1755,162.8528699,0
1756,39.50598261,0
1757,19.7529913,0
1758,0,0
1759,0,0
1760,0,0
1761,0,0
1762,1515.690989,0
1763,3124.221416,0
1764,2643.782013,0
1765,2001.088489,0
1766,2286.459454,0
1767,2398.431192,0
1768,1333.693402,1
1769,1922.218962,0.5
1770,1164.095427,0.25
1771,606.0049988,0.125
1772,263.2972866,0.0625
1773,125.1352979,0
1774,1031.529846,0
1775,645.1158666,0
1776,414.7601223,0
1777,234.7630247,0
1778,428.842025,0
1779,242.8819844,0
1780,117.1798193,0
1781,55.64595242,0
1782,26.96628204,0
1783,1265.837649,0
1784,1215.457044,0
1785,2513.87474,0
1786,1259.93737,0
1787,893.3280495,0
1788,443.2237857,0
1789,203.3489797,0
1790,42.10742057,0
1791,20.95996029,0
1792,2.25,0
1793,0,0
1794,276.2302093,1
1795,145.1151046,0.5
1796,1798.501411,0.25
1797,1147.788579,0.125
1798,838.2793557,0.0625
1799,411.5074838,1
1800,205.5349919,0.5
1801,48.83175038,0.25
1802,1756.808097,0.125
1803,3321.744643,0.0625
1804,3031.005128,0
1805,1918.088903,0
1806,3074.782346,0
1807,3147.213662,1
1808,3131.607053,0.5
1809,2016.60899,0.25
1810,1629.961657,0.125
1811,1056.262365,1.0625
1812,2413.43507,0.5
1813,1427.978079,0.25
1814,907.6760161,1.125
1815,759.2258396,1.5625
1816,989.9181335,1.75
1817,3337.287533,1.875
1818,2005.158855,1.9375
1819,2732.172402,0.9375
1820,4911.987742,0.4375
1821,2925.023661,1.1875
1822,1665.800925,0.5625
1823,955.5031829,0.25
1824,488.5686672,0.125
1825,452.9519362,0.0625
1826,412.177395,0
1827,353.3143413,1
1828,286.631032,1.5
1829,3404.469268,0.75
1830,7517.824724,0.375
1831,6243.930765,0.1875
1832,3730.779477,0.0625
1833,1863.822797,0
1834,829.9367976,0
1835,232.9189091,0
1836,91.33429761,1
1837,158.8956498,0.5
1838,79.38532489,1.25
1839,52.93530313,0.625
1840,322.8940584,0.3125
1841,511.7583219,1.125
1842,560.3744895,0.5625
1843,497.4583706,1.25
1844,293.3864206,0.625
1845,199.8440986,0.3125
1846,342.265523,1.125
1847,318.2093284,0.5625
1848,222.5575822,1.25
1849,503.2816775,0.625
1850,339.1756759,0.3125
1851,288.2272436,2.125
1852,3380.189736,1.0625
1853,1747.385067,0.5
1854,2682.162724,1.25
1855,2583.815756,0.625
1856,1641.833959,1.25
1857,1031.288076,0.625
1858,513.7851231,1.3125
1859,684.0639358,1.625
1860,964.5211008,0.8125
1861,587.9581774,1.375
1862,676.8695035,0.6875
1863,604.0130134,1.3125
1864,1640.156232,0.625
1865,1284.763803,0.3125
1866,1441.278731,1.125
1867,960.6654274,2.5625
1868,1149.532456,1.25
1869,719.5530127,1.625
1870,714.398335,1.8125
1871,958.4607415,1.875
1872,906.9691676,2.875
1873,1257.918138,2.4375
1874,1193.894981,2.1875
1875,999.4355899,2.0625
1876,787.7920704,2
1877,485.0107373,0.9375
1878,221.7051999,0.4375
1879,120.6725149,0.1875
1880,47.3973821,0.0625
1881,14.08470869,0
1882,157.1052277,0
1883,345.4874501,0
1884,198.7078755,0
1885,114.3539377,0
1886,57.17696887,0
1887,28.79674628,0
1888,101.6824386,0
1889,50.00283093,0
1890,24.53266546,0
1891,13.26633273,0
1892,6.476916366,0
1893,0.25,0
1894,0.125,0
1895,0.0625,0
1896,0,0
1897,0,0
1898,0,0
1899,0,0
1900,0,0
1901,0,0
1902,0,0
1903,0,0
1904,0,0
1905,0,0
1906,0,0
1907,0,0
1908,0,0
1909,0,0
1910,0,0
1911,0,0
1912,0,0
1913,0,0
1914,0,0
1915,0,0
1916,0,0
1917,0,0
1918,0,0
1919,168.791889,0
1920,1263.356519,0
1921,1254.563843,0
1922,652.696135,0
1923,326.3480675,0
1924,226.5201315,0
1925,681.2994427,0
1926,634.8534901,0
1927,1336.622219,0
1928,3202.185678,0
1929,1890.750864,0
1930,995.7155136,1
1931,2552.637987,0.5
1932,1244.444317,0.25
1933,543.038578,0.125
1934,262.4004632,0.0625
1935,129.0363991,0
1936,835.1580938,0
1937,1215.989532,1
1938,1845.848772,0.5
1939,2321.064191,1.25
1940,1623.772008,0.625
1941,1262.46382,1.3125
1942,719.6957959,0.625
1943,350.1649603,0.3125
1944,2239.530081,0.125
1945,1896.023957,1.0625
1946,1226.924967,0.5
1947,625.9182895,0.25
1948,525.7679615,0.125
1949,249.9041172,0.0625
1950,220.1410797,0
1951,131.3032181,0
1952,86.98003618,0
1953,578.2992291,0
1954,1248.617245,1
1955,652.3901906,0.5
1956,835.2675676,0.25
1957,515.6084997,1.125
1958,970.9055551,0.5625
1959,513.1456765,0.25
1960,270.5781999,0.125
1961,187.5935245,0.0625
1962,90.71373555,0
1963,22.5436553,0
1964,9.467830086,0
1965,5.265165043,0
1966,1990.681154,0
1967,1306.934364,0
1968,1051.810106,1
1969,813.831129,1.5
1970,406.8843145,0.75
1971,141.2489962,0.375
1972,60.88719225,0.1875
1973,17.99537974,0.0625
1974,0,0
